,Date,Time,Home,Away,Seasonality,predicted_home_goals,predicted_away_goals,expected_home_win,expected_draw,expected_away_win
0,2016-03-06,18:30,New York Red Bulls,Toronto FC,5,2.099025535034228,0.9809744516485354,0.6306937645949754,0.20201360801444426,0.16727969089305658
1,2016-03-06,19:00,Chicago Fire,New York City,5,1.3146405940953598,1.487637372741208,0.33502250278139584,0.25161688453058395,0.4133599502669607
2,2016-03-06,19:00,Orlando City,Real Salt Lake,5,1.2906810818210463,1.6311544792715031,0.3031940847124482,0.24278026911992892,0.45402428661481703
3,2016-03-06,20:00,FC Dallas,Philadelphia Union,5,1.6461170145129278,1.0063504489145125,0.5233187074674358,0.24546376247560237,0.23121617569984312
4,2016-03-06,20:00,Houston Dynamo,New England Revolution,5,1.6156723988475996,1.140335032002778,0.48406944139122243,0.24695502564487232,0.26897437064739527
5,2016-03-06,20:00,San Jose Earthquakes,Colorado Rapids,5,1.482227843758412,1.0804716012364548,0.4641973176219784,0.25973717467847035,0.27606499400091516
6,2016-03-06,21:30,Portland Timbers,Columbus Crew,5,1.5691387424260543,1.1207425995376323,0.47701706450461523,0.2512354103396044,0.2717466428874597
7,2016-03-06,22:30,Vancouver Whitecaps,CF Montreal,5,1.7160324556790227,1.02089803681458,0.5367220362121639,0.23874382179684694,0.22453213666182736
8,2016-03-07,00:00,Seattle Sounders,Sporting Kansas City,6,1.058119876287884,1.0240136821491568,0.35826031619168197,0.3010477556428215,0.3406918976619128
9,2016-03-07,03:00,Los Angeles Galaxy,DC United,6,1.8756272227408888,1.1645664301402714,0.5398158725497111,0.2252470314404591,0.23493246192961198
10,2016-03-12,00:00,Orlando City,Chicago Fire,11,1.5678916814254182,1.440733894359026,0.40687188368559596,0.24207502808955494,0.35105187026293777
11,2016-03-12,20:00,New England Revolution,DC United,11,1.3407447647439255,1.2273286645349575,0.3940437831388318,0.26531277827827493,0.3406431753204518
12,2016-03-12,21:00,CF Montreal,New York Red Bulls,11,1.5716735480110393,1.6065130802444025,0.37496494893304605,0.23513791629007139,0.3898952053607857
13,2016-03-12,21:00,Real Salt Lake,Seattle Sounders,11,1.4529916060554233,1.1225167226628985,0.44685633528607416,0.2610520445299558,0.2920911824844877
14,2016-03-13,00:00,Colorado Rapids,Los Angeles Galaxy,12,1.4451088240973855,1.627460753187327,0.3410446752247627,0.23866258918409433,0.42029114523816746
15,2016-03-13,00:30,Columbus Crew,Philadelphia Union,12,1.5314877175789539,1.0477796021163002,0.4846103492684903,0.2559592302911721,0.25942973047689777
16,2016-03-13,01:30,Houston Dynamo,FC Dallas,12,1.5378589042969923,1.2956840258986142,0.4299932474595364,0.24901232107863702,0.32099359747811845
17,2016-03-13,01:30,Sporting Kansas City,Vancouver Whitecaps,12,1.1294475540024036,0.8156501017834249,0.42856077095746736,0.30830998661500303,0.2631292070889278
18,2016-03-13,21:00,New York City,Toronto FC,12,1.9608714124168196,0.9770613426288747,0.602848959945703,0.21477091900364828,0.1823731872655888
19,2016-03-13,23:00,San Jose Earthquakes,Portland Timbers,12,1.3674903872473376,1.1335044580412545,0.4217556260267,0.26772862875517395,0.31051548492922737
20,2016-03-18,23:00,New York City,Orlando City,17,2.28791177804726,1.0442511121283407,0.6528052730290906,0.18776978996676832,0.15939679007599883
21,2016-03-19,21:00,Chicago Fire,Columbus Crew,18,1.406019712003446,1.3266994924045252,0.39010117150671003,0.25615129294121824,0.3537470733283982
22,2016-03-19,23:00,New York Red Bulls,Houston Dynamo,18,1.8633825309928889,1.1815842647976607,0.5331363704283848,0.2263168029729296,0.24054245673434152
23,2016-03-20,01:00,FC Dallas,CF Montreal,19,1.8538559624445705,1.2437957651710532,0.5168276543926948,0.22710623512652447,0.256061906621044
24,2016-03-20,02:00,Seattle Sounders,Vancouver Whitecaps,19,1.2496046961059046,1.1109777052923548,0.39458634708217394,0.2784964828752412,0.3269170482483028
25,2016-03-20,02:30,Los Angeles Galaxy,San Jose Earthquakes,19,1.9047848537480878,1.0990537906171909,0.5615785602099551,0.22220477976880373,0.21621133922111485
26,2016-03-20,02:30,Portland Timbers,Real Salt Lake,19,1.4449783880543283,1.1530881498313905,0.43781583829361653,0.260686674638714,0.3014970606845548
27,2016-03-20,18:30,Philadelphia Union,New England Revolution,19,1.368637725417924,1.1344516201735926,0.4218499738147832,0.267594375441477,0.31055538831093144
28,2016-03-20,21:00,DC United,Colorado Rapids,19,1.5848561895727487,1.0729088943358396,0.4921676595989278,0.25065042296851764,0.2571809611723488
29,2016-03-20,23:00,Sporting Kansas City,Toronto FC,19,1.6329799694191705,0.697559127172398,0.5989492560812661,0.2438477523403549,0.15720174630760345
30,2016-03-26,19:00,New York City,New England Revolution,25,1.7665108580235644,1.0764626800681865,0.5353613998889228,0.23423871550979433,0.23039724443627171
31,2016-03-26,21:30,DC United,FC Dallas,25,1.5044613665758364,1.1882848455120834,0.4452236687125319,0.2548368502849983,0.2999388567611723
32,2016-03-27,03:00,Vancouver Whitecaps,Houston Dynamo,26,1.566681215896078,0.9839587975424752,0.5089559669633279,0.2534343031966905,0.23760888325831586
33,2016-04-02,00:00,New England Revolution,New York Red Bulls,32,1.4044988733846362,1.4683444342986838,0.36120999169004236,0.24895539349774296,0.3898338739210958
34,2016-04-02,22:00,Chicago Fire,Philadelphia Union,32,1.4098486914528152,1.157053337106566,0.42771927010868177,0.26335019034336804,0.3089301934029357
35,2016-04-03,01:00,Colorado Rapids,Toronto FC,33,1.7281173068468292,1.0525180199764326,0.532004147563225,0.2376771087706417,0.23031659738406246
36,2016-04-03,01:30,Sporting Kansas City,Real Salt Lake,33,1.3253124039101885,0.8320883985858225,0.4822894036299652,0.28290539271332793,0.23480503649185053
37,2016-04-03,02:00,FC Dallas,Columbus Crew,33,1.6868184065716556,1.1539006776426446,0.4982856085826869,0.24085388956156253,0.26085876550415277
38,2016-04-03,03:00,Seattle Sounders,CF Montreal,33,1.7738906900600226,1.1873942245746232,0.5112289573388412,0.23351924707703764,0.2552490157982706
39,2016-04-03,03:00,Vancouver Whitecaps,Los Angeles Galaxy,33,1.5154154534031803,1.2631382753457385,0.43143785373464605,0.2516330602136498,0.3169283738940846
40,2016-04-03,03:30,San Jose Earthquakes,DC United,33,1.361198148363266,1.1169916945085088,0.42378798839971565,0.26895800023823824,0.3072537657861418
41,2016-04-04,01:00,Orlando City,Portland Timbers,34,1.3443275607326703,1.6214464119773833,0.31790404684428725,0.24204893614489412,0.440045662882464
42,2016-04-09,00:00,Philadelphia Union,Orlando City,39,1.8049726214982251,1.1005048181949348,0.5386263707292976,0.2309198648457227,0.23045053236980936
43,2016-04-09,21:00,CF Montreal,Columbus Crew,39,1.6905230909044486,1.3323746295276497,0.45919865760153683,0.23780864681544117,0.3029907913806284
44,2016-04-09,21:00,New England Revolution,Toronto FC,39,1.6910186516022947,1.0503601045784667,0.5236395670325902,0.24110257170808663,0.235256110235012
45,2016-04-09,22:30,DC United,Vancouver Whitecaps,39,1.2460742150631827,1.1099403569866289,0.39383177651654055,0.27884575035191894,0.3273223541627863
46,2016-04-10,00:00,New York Red Bulls,Sporting Kansas City,40,1.2738044791522771,1.0572580038560504,0.4134028625215769,0.2793356458176442,0.3072613618497631
47,2016-04-10,02:00,FC Dallas,San Jose Earthquakes,40,1.5631587712866724,1.0975238268041092,0.4809220724299346,0.252188113953938,0.26688896785839916
48,2016-04-10,02:30,Real Salt Lake,Colorado Rapids,40,1.6400232458163468,1.068842747987113,0.5068218931998033,0.24568844441884305,0.2474883456767964
49,2016-04-10,21:00,Houston Dynamo,Seattle Sounders,40,1.4949322091004038,1.2286279653719359,0.4338236212065116,0.2542590333210404,0.31191673284156934
50,2016-04-11,00:00,New York City,Chicago Fire,41,1.944508234533153,1.0294350535478778,0.5867708941934822,0.21751472095673335,0.19570796133381052
51,2016-04-11,02:30,Los Angeles Galaxy,Portland Timbers,41,1.95374445376316,1.1817825027159423,0.553209418250202,0.21902637709251094,0.2277574542728289
52,2016-04-14,01:30,Sporting Kansas City,Colorado Rapids,44,1.4856194713938824,0.7884371834584187,0.537405981187694,0.26365331846858375,0.19894019665885895
53,2016-04-14,03:30,Portland Timbers,FC Dallas,44,1.545565171388656,1.2100905038201974,0.45073439548328936,0.25105255099107227,0.2982122501135963
54,2016-04-14,03:30,San Jose Earthquakes,New York Red Bulls,44,1.416738826096152,1.3363401223997973,0.39083949590094996,0.25504824172300794,0.35411176526924226
55,2016-04-16,00:00,Houston Dynamo,Los Angeles Galaxy,46,1.574217497076125,1.6004285991851888,0.37672882092156584,0.23530198026929883,0.3879672938167729
56,2016-04-16,22:00,Chicago Fire,CF Montreal,46,1.5877707233150955,1.430056539769511,0.413870931025606,0.24137265686706522,0.3447551119671113
57,2016-04-16,22:00,DC United,Toronto FC,46,1.8016013460714992,0.9492416232648184,0.574243864942214,0.22970114211856563,0.1960518369025764
58,2016-04-17,00:30,Columbus Crew,New York City,47,1.4864505043468499,1.3471428191910233,0.4062043953464183,0.2503899960269906,0.3434049087830388
59,2016-04-17,02:00,Colorado Rapids,New York Red Bulls,47,1.4549249074893387,1.471361078828954,0.37311009867434564,0.24646920824089028,0.38041982410210856
60,2016-04-17,03:00,Real Salt Lake,Vancouver Whitecaps,47,1.2786602434015375,1.105733867550581,0.4038126023584757,0.27638464924686446,0.3198026043291283
61,2016-04-17,03:00,Seattle Sounders,Philadelphia Union,47,1.603875743499569,0.9607161757580339,0.5240147938152712,0.24981845764039243,0.2261656929816533
62,2016-04-17,03:30,Portland Timbers,San Jose Earthquakes,47,1.4873735093311173,1.0659857737667984,0.4689302700291166,0.2596381549943468,0.27143104731491613
63,2016-04-17,20:30,Orlando City,New England Revolution,47,1.4730522207649481,1.5065508638371445,0.3706552353411212,0.24391061526825408,0.3854331107868916
64,2016-04-18,00:00,FC Dallas,Sporting Kansas City,48,1.146574567662271,1.0726546036474285,0.3737606340903901,0.28954458494261126,0.3366947210355439
65,2016-04-23,21:00,CF Montreal,Toronto FC,53,1.9355896130346224,1.1491971553514526,0.5567175269580151,0.2201721311931961,0.22310415805836256
66,2016-04-23,21:00,Philadelphia Union,New York City,53,1.3014136942982226,1.3386442044236526,0.3605769854546243,0.26151807781041786,0.3779046155232728
67,2016-04-23,22:30,DC United,New England Revolution,53,1.61674598278284,1.045812721504887,0.5065639325077945,0.24803002233464264,0.2454048974139548
68,2016-04-24,00:30,Columbus Crew,Houston Dynamo,54,1.5817896463578662,1.248142906984691,0.4512940864328516,0.24734595515702135,0.3013589478951779
69,2016-04-24,02:00,Colorado Rapids,Seattle Sounders,54,1.4155660683917217,1.249380194111273,0.40892396559069183,0.2590948248956868,0.3319808018376955
70,2016-04-24,03:30,Los Angeles Galaxy,Real Salt Lake,54,1.9273932063306363,1.1888581753861163,0.5457908262828808,0.2212053399228333,0.2329978703406052
71,2016-04-24,03:30,Vancouver Whitecaps,FC Dallas,54,1.5339848921907897,1.0226186202245071,0.4912633796119002,0.2561520208554493,0.25258390242139367
72,2016-04-24,20:30,San Jose Earthquakes,Sporting Kansas City,54,1.013957994529781,1.030268849629795,0.3435435413345926,0.3044464268624442,0.3520100066785975
73,2016-04-25,00:30,New York Red Bulls,Orlando City,55,2.521382047623521,1.0484333146855165,0.6934511607434747,0.16891297017705292,0.13756946277936044
74,2016-04-28,00:00,New York City,CF Montreal,58,1.974400281867064,1.2210523628738263,0.5487808402594647,0.2177541308947033,0.2334575757040975
75,2016-04-28,00:30,New England Revolution,Portland Timbers,58,1.4074583351133931,1.245472566691136,0.4076623803009412,0.25982630735286677,0.33251092459279163
76,2016-04-28,03:30,Vancouver Whitecaps,Sporting Kansas City,58,1.0779242127559696,0.8804266823445739,0.3969114586888545,0.31031615336509655,0.2927723638187753
77,2016-04-30,00:00,New York Red Bulls,FC Dallas,60,1.8410773719500328,1.228008808462544,0.5174849608231858,0.22811171089338078,0.25439939209135165
78,2016-04-30,21:00,CF Montreal,Colorado Rapids,60,1.7405547870752325,1.2989146483919431,0.4783463968196879,0.23496524150102147,0.2866859472765012
79,2016-04-30,21:00,New York City,Vancouver Whitecaps,60,1.4053093667107879,1.1424697240997206,0.4297984625512063,0.26428531472087674,0.30591589107068257
80,2016-04-30,21:00,Philadelphia Union,San Jose Earthquakes,60,1.279044377950725,1.1354974775121616,0.39732076017795354,0.27474913373046655,0.32792995331195574
81,2016-04-30,21:00,Seattle Sounders,Columbus Crew,60,1.6276764815750258,1.1015755469927913,0.4960579609486424,0.2464617813691238,0.25747902408921
82,2016-04-30,22:00,Chicago Fire,DC United,60,1.3234257953533235,1.337098527215059,0.3666329381233701,0.2603914718703328,0.37297524607477733
83,2016-05-01,00:30,New England Revolution,Orlando City,61,1.9948497153837284,1.1225904244560065,0.5757654553557855,0.21483999078259816,0.20938640824506966
84,2016-05-01,02:30,Real Salt Lake,Houston Dynamo,61,1.6348207634733594,1.1390289034951884,0.4890851223047923,0.24536766669908705,0.2655459154837109
85,2016-05-01,20:30,Portland Timbers,Toronto FC,61,1.8460448358456156,0.9666607114295187,0.5800940178226897,0.22560215760011507,0.19429986120823312
86,2016-05-02,01:00,Sporting Kansas City,Los Angeles Galaxy,62,1.4232197450629116,1.0786039582734226,0.44914903906300546,0.2650578216047154,0.2857927859465015
87,2016-05-07,00:00,Orlando City,New York Red Bulls,67,1.3936422376109603,1.9115971545369137,0.2808313969227157,0.22238563993255522,0.49677721944522385
88,2016-05-07,22:00,Vancouver Whitecaps,Portland Timbers,67,1.5024755883164216,0.9686477173163532,0.4962124513539809,0.26012615350639595,0.24366082726407207
89,2016-05-08,00:30,Columbus Crew,CF Montreal,68,1.7722195619604677,1.2950000005967817,0.48661590959140083,0.23277407423548402,0.28060718446498306
90,2016-05-08,00:30,Toronto FC,FC Dallas,68,1.3238164938940606,1.4718504919502287,0.34031430572801075,0.25224520856149896,0.4074398623697938
91,2016-05-08,01:30,Houston Dynamo,Sporting Kansas City,68,1.1175814874954555,1.1155231928383378,0.3561508753045991,0.2887278326613603,0.35512123125950495
92,2016-05-08,02:00,Colorado Rapids,Real Salt Lake,68,1.4216902548751469,1.255503654973271,0.4091900779478812,0.2584084402225348,0.3324010560869717
93,2016-05-08,03:00,Seattle Sounders,San Jose Earthquakes,68,1.5093276661116943,1.0477551779580279,0.478921274974815,0.2580256457430372,0.2630524774966766
94,2016-05-08,20:30,Los Angeles Galaxy,New England Revolution,68,2.160281634255985,1.0980414999735184,0.6157655432741371,0.20034167024608296,0.1838759746003946
95,2016-05-09,00:30,DC United,New York City,69,1.5195547270401424,1.2340509843344596,0.4388632065989633,0.25228395722810926,0.3088521290308818
96,2016-05-12,00:00,Philadelphia Union,Los Angeles Galaxy,72,1.3439036792582404,1.5921713938131186,0.32304111838445504,0.2439348002369484,0.433022913578935
97,2016-05-12,02:00,Colorado Rapids,Sporting Kansas City,72,1.05143155091734,1.1343650173078053,0.33301766784472364,0.2921150148871552,0.37486726503779394
98,2016-05-12,02:00,FC Dallas,Portland Timbers,72,1.6137332965462767,1.1801373744433095,0.4744565815712877,0.24642882843404312,0.27911342524031785
99,2016-05-12,03:00,Vancouver Whitecaps,Chicago Fire,72,1.7843396541738235,0.8606905462446061,0.5923351153493374,0.22978778248364087,0.177874221811818
100,2016-05-12,03:30,San Jose Earthquakes,Houston Dynamo,72,1.5221118521023784,1.1514213718825623,0.4580628443968288,0.2544742630282064,0.28746221603934796
101,2016-05-14,00:00,DC United,New York Red Bulls,74,1.5305785807137215,1.3269864765902484,0.42146928838954534,0.24841618583285136,0.33011368804913294
102,2016-05-14,22:00,CF Montreal,Philadelphia Union,74,1.718290405753351,1.1620027897779828,0.5039532877638099,0.23818591041060191,0.25785873874691334
103,2016-05-15,00:30,Columbus Crew,Colorado Rapids,75,1.6304868895494753,1.1712332237474044,0.48060820633219076,0.24523865233941983,0.2741518653707464
104,2016-05-15,00:30,New England Revolution,Chicago Fire,75,1.6845110210324417,1.1066628709227309,0.5087283080336107,0.2414428452424186,0.2498271465770291
105,2016-05-15,00:30,Toronto FC,Vancouver Whitecaps,75,1.0915053530435166,1.374810313062744,0.2978994358067188,0.2688513743767443,0.4332489285957561
106,2016-05-15,02:00,FC Dallas,Seattle Sounders,75,1.5892134013038197,1.1814128578294563,0.46810047397935184,0.248356276307954,0.28354223564083025
107,2016-05-15,19:00,Houston Dynamo,Real Salt Lake,75,1.5219160725961998,1.2346497154327833,0.4393265049229166,0.25209284269268895,0.30857993544027496
108,2016-05-15,21:00,Sporting Kansas City,Orlando City,75,1.9691821727523375,0.7455283128540843,0.6617536008446073,0.20551638037216227,0.13272281690851914
109,2016-05-16,01:10,Portland Timbers,New York City,76,1.5490107146096719,1.256696475607718,0.4412652312498403,0.24946655057643058,0.30926736826471973
110,2016-05-19,00:00,Toronto FC,New York City,79,1.3088820903891565,1.5285380060549363,0.3259851125964573,0.24918307280167257,0.42483100653735995
111,2016-05-19,00:30,New York Red Bulls,Chicago Fire,79,2.1429358426541234,1.0335579181188521,0.6271850138909771,0.19984327369977023,0.17295609443493876
112,2016-05-21,00:00,Philadelphia Union,DC United,81,1.2874473095035233,1.2031824603207344,0.38493375656462675,0.2703484172823226,0.3447176376501747
113,2016-05-21,20:00,New York City,New York Red Bulls,81,1.7106221394481158,1.36587688180833,0.4567243278314175,0.23579223848764014,0.3074812769176229
114,2016-05-21,22:00,Chicago Fire,Houston Dynamo,81,1.4627580715128357,1.3783126840755475,0.39379911397605116,0.2504432269311904,0.355756983316587
115,2016-05-21,22:00,Toronto FC,Columbus Crew,81,1.3899442244669626,1.3631753503324282,0.3784872014357234,0.25525648227500697,0.3662558344665021
116,2016-05-22,00:30,New England Revolution,FC Dallas,82,1.471751575613285,1.3148675363689546,0.4093067560726344,0.25261857491418177,0.3380740565063752
117,2016-05-22,00:30,Orlando City,CF Montreal,82,1.6485358807780939,1.708909678096249,0.37341641154528965,0.2279285418680072,0.3986517679110575
118,2016-05-22,01:30,Sporting Kansas City,Real Salt Lake,82,1.3679548817530907,0.8320883985858225,0.4942416101892257,0.2776812078639555,0.22807695467641173
119,2016-05-22,03:00,Seattle Sounders,Colorado Rapids,82,1.6769316559661513,1.073911633101695,0.5146239185599533,0.24230888079576002,0.24306557768814097
120,2016-05-22,21:30,Portland Timbers,Vancouver Whitecaps,82,1.3001294788433917,1.130308352302101,0.4042456282711735,0.27333920042973175,0.3224149997543757
121,2016-05-23,00:00,Los Angeles Galaxy,San Jose Earthquakes,83,1.9852248299644848,1.0990537906171909,0.5791700016237835,0.21524774161794094,0.20557447044654445
122,2016-05-26,00:30,Orlando City,Philadelphia Union,86,1.4809330658466016,1.3826723565584778,0.3974419279127865,0.2492218395682421,0.353335494283638
123,2016-05-28,02:30,Sporting Kansas City,DC United,88,1.378494087237916,0.8150864720154769,0.5015301823378124,0.2767292786951563,0.22174029444757343
124,2016-05-28,23:00,Vancouver Whitecaps,Houston Dynamo,88,1.6307336690890852,0.9839587975424752,0.5249835936053219,0.2470375455552776,0.22797762349780445
125,2016-05-29,00:00,New York Red Bulls,Toronto FC,89,2.2161296752724566,0.9809744516485354,0.6537207132432947,0.19145379014061556,0.1548043530482017
126,2016-05-29,00:30,Columbus Crew,Real Salt Lake,89,1.4782404714203587,1.2360776457087095,0.42793393250531353,0.2552090816581549,0.31685642321744883
127,2016-05-29,00:30,New England Revolution,Seattle Sounders,89,1.4113838872643574,1.2468186638499223,0.4083915825274764,0.25949557084141167,0.33211244974000814
128,2016-05-29,01:00,CF Montreal,Los Angeles Galaxy,89,1.67934373461423,1.7769513039319622,0.3678170262168756,0.22410711512201595,0.40807146610822165
129,2016-05-29,01:30,Chicago Fire,Portland Timbers,89,1.3732092580031159,1.35686518430699,0.3754888542138758,0.25651773916523257,0.3679929638220539
130,2016-05-29,02:00,Colorado Rapids,Philadelphia Union,89,1.5692077281254955,1.0642463478167774,0.4902840930971866,0.2522018653493103,0.25751317167164933
131,2016-05-29,03:30,San Jose Earthquakes,FC Dallas,89,1.479787964578121,1.196660812985644,0.43704247963299553,0.2564664791592675,0.30649049660843736
132,2016-05-29,21:30,New York City,Orlando City,89,2.3968922689882866,1.0442511121283407,0.6727587660174058,0.1787224437006797,0.14847622852135295
133,2016-06-02,00:00,Philadelphia Union,Columbus Crew,93,1.4163748562371958,1.1938249327835835,0.4212526005480708,0.2613766442035843,0.3173703794114975
134,2016-06-02,01:00,DC United,Seattle Sounders,93,1.5007674551710546,1.1267870582963075,0.45824912985715544,0.25690137305215716,0.28484890932733337
135,2016-06-02,03:30,Portland Timbers,San Jose Earthquakes,93,1.5322566029723117,1.0659857737667984,0.4804916876839938,0.25554730374051404,0.26396031231878825
136,2016-06-03,00:00,New York City,Real Salt Lake,94,1.6629263883972387,1.1654946172143554,0.4898381246174693,0.24268694305124794,0.2674734059271357
137,2016-06-03,02:00,FC Dallas,Houston Dynamo,94,1.7526211867924204,1.1987913987030345,0.5036398118442255,0.23514813816909075,0.2612095567298715
138,2016-06-03,03:30,Los Angeles Galaxy,Sporting Kansas City,94,1.45898545605446,1.074149899409977,0.4596118728996349,0.26199218774185534,0.27839549658625323
139,2016-06-18,18:00,New York City,Philadelphia Union,109,1.828371206976806,0.9879488481432558,0.570907359354154,0.22767600204145635,0.2014130133784159
140,2016-06-19,00:00,Vancouver Whitecaps,New England Revolution,110,1.678575894817716,0.9000094264584214,0.557488899896548,0.24181117367195143,0.20069830564710042
141,2016-06-19,00:30,Columbus Crew,CF Montreal,110,1.8209845023701894,1.2950000005967817,0.4978815089881143,0.22929069771496102,0.27282417929033914
142,2016-06-19,00:30,Orlando City,San Jose Earthquakes,110,1.3963371579520896,1.5079397615643395,0.35155091924150006,0.2471207227784353,0.40132750170292386
143,2016-06-19,00:30,Toronto FC,Los Angeles Galaxy,110,1.3621392352227237,1.8180293759570192,0.2886779255321273,0.22883410460058484,0.4824843238181989
144,2016-06-19,02:00,Colorado Rapids,Chicago Fire,110,1.7676924960284635,1.1089364577041707,0.5279751743988997,0.23419129842184688,0.23783086319850336
145,2016-06-19,02:00,Houston Dynamo,DC United,110,1.5626570318345865,1.209422319115803,0.45516393879070877,0.24976955435057846,0.2950656219615361
146,2016-06-19,03:00,Real Salt Lake,Portland Timbers,110,1.5759498899000182,1.1213048250430784,0.4785957235703189,0.2506425416170364,0.27076081636472393
147,2016-06-19,22:00,Sporting Kansas City,FC Dallas,110,1.466019666203401,0.8732222854036726,0.5103874423567595,0.2653959583787723,0.2242161544781063
148,2016-06-20,00:30,New York Red Bulls,Seattle Sounders,111,1.8164890215055116,1.1644551708922666,0.5263784457098659,0.230103630146183,0.24351447553220212
149,2016-06-23,00:00,Philadelphia Union,Chicago Fire,114,1.5854626303630084,1.0848906199766295,0.4894923844229554,0.2504212285635764,0.2600854249232593
150,2016-06-23,03:00,Real Salt Lake,New York Red Bulls,114,1.6034254367644718,1.3219574184427372,0.4404782283668323,0.24384717956019822,0.3156733844670878
151,2016-06-23,03:30,Los Angeles Galaxy,Colorado Rapids,114,2.23004257782396,1.1264908787648071,0.6230882517799701,0.19542942646783967,0.18145992927102758
152,2016-06-25,22:00,Seattle Sounders,New York City,116,1.591295762754019,1.235204326214247,0.45651613892937964,0.2469735153596183,0.29650929000047754
153,2016-06-26,00:00,DC United,New England Revolution,117,1.6850219395908241,1.045812721504887,0.5232805644785775,0.2416680877785824,0.23504965481211518
154,2016-06-26,00:00,Philadelphia Union,Vancouver Whitecaps,117,1.1340369938006365,1.204014457261173,0.3424787544286443,0.280721142038116,0.37680000372215294
155,2016-06-26,00:30,Columbus Crew,New York Red Bulls,117,1.5614719660874747,1.4485951762084195,0.40371236402533067,0.24212096344721976,0.3541654668803189
156,2016-06-26,00:30,CF Montreal,Sporting Kansas City,117,1.1968457052111978,1.2385622158274505,0.35286292907219446,0.2741659169248351,0.3729710082705433
157,2016-06-26,00:30,Orlando City,Toronto FC,117,1.725232816135863,1.3674348744409521,0.45982731100666663,0.2348205307123342,0.30534983724182035
158,2016-06-26,01:00,FC Dallas,Real Salt Lake,117,1.6252351644654979,1.1872031972560597,0.4756765622481353,0.24538475802333654,0.27893743386312536
159,2016-06-26,03:00,San Jose Earthquakes,Los Angeles Galaxy,117,1.508911022364278,1.4781151502567675,0.3849995481778482,0.2435703774479641,0.3714290114164867
160,2016-06-26,23:00,Portland Timbers,Houston Dynamo,117,1.6849846550012877,1.1643433568568176,0.4954362100138606,0.24089722081544598,0.2636648462319988
161,2016-07-02,01:00,Chicago Fire,San Jose Earthquakes,123,1.3881397538766576,1.2618801012385081,0.399121693433485,0.26038654025086394,0.34049140365995995
162,2016-07-02,03:30,Real Salt Lake,DC United,123,1.5606086169021556,1.1049697843710202,0.4785393142714175,0.2522727178988115,0.26918713301660124
163,2016-07-02,22:30,CF Montreal,New England Revolution,123,1.8091703485388424,1.2661107300058707,0.5015974069467539,0.23035910767185322,0.26804010340068
164,2016-07-03,00:30,Toronto FC,Seattle Sounders,124,1.3103639739282116,1.395677216906581,0.3515789288395361,0.2575732659964535,0.39084738251406703
165,2016-07-03,02:00,Houston Dynamo,Philadelphia Union,124,1.7105087669973005,1.0465691957785157,0.5292282768336737,0.23930002475894396,0.23146974936188713
166,2016-07-03,17:00,New York City,New York Red Bulls,124,1.758828507242402,1.36587688180833,0.4680154219254836,0.2326730305241364,0.299308811250082
167,2016-07-04,00:00,Sporting Kansas City,Columbus Crew,125,1.5412416954416859,0.8087472887589233,0.5465845815433868,0.25684182142194206,0.19657287960717565
168,2016-07-05,02:00,Colorado Rapids,Portland Timbers,126,1.5087975754756118,1.24803133145923,0.43307211950291014,0.25260619783049826,0.3143210071882931
169,2016-07-05,02:00,FC Dallas,Orlando City,126,2.363857402180056,1.0637014026028333,0.6624663357239147,0.18224911481597925,0.1552469054621999
170,2016-07-05,03:30,Los Angeles Galaxy,Vancouver Whitecaps,126,1.7443022172612441,1.165371724215582,0.509343694145957,0.2360280423293558,0.25462589189280216
171,2016-07-07,00:30,New England Revolution,New York City,128,1.4884394879965046,1.365508938074759,0.4028676601643651,0.24951464948964153,0.34761695645358404
172,2016-07-09,01:00,Orlando City,Houston Dynamo,130,1.5315529219756783,1.647076055915351,0.35788314775689345,0.23475064624419284,0.40736418072696223
173,2016-07-09,03:30,San Jose Earthquakes,FC Dallas,130,1.5195238833882991,1.196660812985644,0.4471728979626839,0.2534232743978525,0.2994031421649492
174,2016-07-09,20:00,Seattle Sounders,Los Angeles Galaxy,130,1.637948555820722,1.4691409317080393,0.41784646833941197,0.23731208811701046,0.34483971056201557
175,2016-07-10,00:00,Philadelphia Union,DC United,131,1.329730587488796,1.2031824603207344,0.396301319698204,0.26733088583098424,0.3363675594776591
176,2016-07-10,00:30,New England Revolution,Columbus Crew,131,1.5816439162681246,1.217783344390863,0.4580171299359066,0.2481188071154633,0.2938630730718696
177,2016-07-10,00:30,Toronto FC,Chicago Fire,131,1.5853129523052385,1.2387881257520204,0.4542402783207372,0.24732713411162388,0.29843156386392544
178,2016-07-10,03:00,Real Salt Lake,CF Montreal,131,1.89914113536577,1.1817896992816965,0.5411295555106729,0.2234301594078136,0.23543508057228316
179,2016-07-10,03:00,Vancouver Whitecaps,Colorado Rapids,131,1.705008962643635,0.9233279522970747,0.5580151321017754,0.23923805776393395,0.20274493046611938
180,2016-07-10,23:00,New York Red Bulls,Portland Timbers,131,1.8721388184695023,1.1631979954564797,0.5393453370911726,0.22552633575546482,0.23512377240098306
181,2016-07-11,01:00,Sporting Kansas City,New York City,132,1.459822511724178,0.9068539625958149,0.5002803893210905,0.26562449313174813,0.23409468932339453
182,2016-07-14,00:00,Columbus Crew,Toronto FC,135,1.8934276593045825,1.0362327429673301,0.5739180792331602,0.22231877666096994,0.20375812080818054
183,2016-07-14,00:30,New York Red Bulls,Orlando City,135,2.6551763314715697,1.0484333146855165,0.7153169582073174,0.1585764765712922,0.12600258569253955
184,2016-07-14,01:30,Chicago Fire,Sporting Kansas City,135,1.020834032060479,1.233286664751524,0.3046768088405885,0.28500941700702176,0.410313680197683
185,2016-07-14,03:30,Portland Timbers,CF Montreal,135,1.8927248462212203,1.2080544939097517,0.5336923344722776,0.2240666194095286,0.2422359879441071
186,2016-07-14,03:30,Seattle Sounders,FC Dallas,135,1.6409626109560025,1.1893954144390109,0.4790269453740573,0.24410094913401123,0.2768707443381245
187,2016-07-14,03:30,Vancouver Whitecaps,Real Salt Lake,135,1.5358457649190485,0.9744472905582063,0.5034158499557427,0.2566447811349996,0.23993866863025243
188,2016-07-16,04:00,Los Angeles Galaxy,Houston Dynamo,137,2.225843696400849,1.200462530950605,0.6056538520578851,0.1978245517220001,0.19649955015268872
189,2016-07-17,00:30,Columbus Crew,DC United,138,1.5316080131988055,1.210821072725235,0.44705999286581544,0.25208969410004073,0.30084957061363504
190,2016-07-17,02:00,Colorado Rapids,Sporting Kansas City,138,1.0972513963806114,1.1343650173078053,0.34632619284506777,0.2887777354313339,0.364896010613079
191,2016-07-17,02:00,FC Dallas,Chicago Fire,138,1.9935336940053807,1.048609379132575,0.5927885203744463,0.21349626646924966,0.19370713250545316
192,2016-07-17,03:00,Real Salt Lake,New England Revolution,138,1.7436756526057346,1.041849265146711,0.5382447273242962,0.23621134972335261,0.22554159053384062
193,2016-07-17,03:00,Vancouver Whitecaps,Orlando City,138,2.225197509802616,0.8730779635069789,0.6806389943923914,0.18577908102335347,0.13355999578521738
194,2016-07-17,03:30,San Jose Earthquakes,Toronto FC,138,1.8044144556852613,0.9559326258397016,0.5732462651184429,0.22952740807193908,0.19722312395154498
195,2016-07-17,20:00,Portland Timbers,Seattle Sounders,138,1.5678967766407705,1.147464199532276,0.4705360531898945,0.2508013758718229,0.2786616867456876
196,2016-07-17,22:00,CF Montreal,New York City,138,1.6993128156896606,1.4940009434881067,0.4271932524890418,0.23327334337850472,0.33953105653019994
197,2016-07-18,00:00,Philadelphia Union,New York Red Bulls,139,1.3813064938021107,1.4394565368740542,0.36105219130684674,0.25161133283173204,0.38733585722314673
198,2016-07-23,04:00,Real Salt Lake,San Jose Earthquakes,144,1.5930847243696582,1.0428097518525874,0.5013871072218185,0.25027275291064144,0.24833914117641928
199,2016-07-23,20:30,Portland Timbers,Los Angeles Galaxy,144,1.6510518165117587,1.4947035011665721,0.41573138169317364,0.23578895184716528,0.34847775077652676
200,2016-07-24,00:30,Columbus Crew,Orlando City,145,2.216370165843931,1.1074915637906408,0.624718279294153,0.19596239325384682,0.17929814349496995
201,2016-07-24,00:30,CF Montreal,Philadelphia Union,145,1.798974974235822,1.1620027897779828,0.5229022658090992,0.231544306031845,0.24555027560765585
202,2016-07-24,00:30,New England Revolution,Chicago Fire,145,1.7624699844403797,1.1066628709227309,0.5272849944258182,0.23464467405423917,0.23806774042675116
203,2016-07-24,00:30,Toronto FC,DC United,145,1.3270295843193103,1.3738602929303003,0.3601864878869435,0.2580484869593485,0.38176462201720973
204,2016-07-24,02:00,Colorado Rapids,FC Dallas,145,1.5726298695669125,1.3175688698360655,0.4338813049161823,0.24600486957347112,0.3201128001151009
205,2016-07-24,02:30,Houston Dynamo,Vancouver Whitecaps,145,1.3755638207258054,1.2102586308992493,0.40693681634185225,0.26367689307674674,0.3293859846005542
206,2016-07-24,18:00,New York Red Bulls,New York City,145,1.9094811966455434,1.2753048939217317,0.5222743162348795,0.22292069994118568,0.25479945311513946
207,2016-07-24,20:00,Sporting Kansas City,Seattle Sounders,145,1.4315601187881943,0.8280300585544894,0.5127010992734663,0.2700147436645277,0.2172838043405946
208,2016-07-30,20:00,New York City,Colorado Rapids,151,1.9203208818829733,1.1043529688602622,0.563778842239245,0.22092671252897075,0.21528870899492136
209,2016-07-31,19:00,Sporting Kansas City,Portland Timbers,152,1.4630729177728685,0.8271360962313972,0.5213803094818724,0.26621661593031204,0.21240263940445653
210,2016-07-31,21:00,Seattle Sounders,Los Angeles Galaxy,152,1.6614041968154856,1.4691409317080393,0.42339777587290794,0.2360462908473812,0.3405540148405047
211,2016-07-31,23:00,FC Dallas,Vancouver Whitecaps,152,1.436092172918982,1.1637494409551448,0.4330981431299159,0.261014903007813,0.3058865457800879
212,2016-07-31,23:30,DC United,CF Montreal,152,1.8857574009638742,1.186285524209869,0.5371015878089436,0.2245319466852855,0.23836158645477934
213,2016-08-01,00:00,Chicago Fire,New York Red Bulls,153,1.4523929136880351,1.5996702735604353,0.3479184379931755,0.239936948734952,0.4121431863397464
214,2016-08-01,00:00,Philadelphia Union,Real Salt Lake,153,1.3436608826382985,1.2282796991333453,0.39461349115152106,0.2650619603467616,0.34032428065757214
215,2016-08-01,00:30,Orlando City,New England Revolution,153,1.577504607019476,1.5065508638371445,0.39588168329056583,0.23905195519127082,0.3650648909481945
216,2016-08-01,00:30,Toronto FC,Columbus Crew,153,1.4561516741669418,1.3631753503324282,0.3952633714606169,0.2514981933246595,0.3532378027999607
217,2016-08-01,02:00,Houston Dynamo,San Jose Earthquakes,153,1.6180188955786072,1.1413863132918516,0.4844056427070488,0.24674203204401712,0.2688511469134336
218,2016-08-04,00:00,Toronto FC,Real Salt Lake,156,1.3314323265267163,1.4025177085791651,0.35564705549245035,0.2561303235962381,0.38822215981612135
219,2016-08-06,04:00,San Jose Earthquakes,New York City,158,1.5189794354265662,1.242749547599437,0.43680108700451065,0.2520492404535277,0.31114896177767504
220,2016-08-07,00:00,DC United,Philadelphia Union,159,1.6973245718636023,0.9598191304865952,0.5471353902985585,0.24031435927359332,0.21254844704050094
221,2016-08-07,00:30,CF Montreal,Houston Dynamo,159,1.8247408018194422,1.3842086036303924,0.4792478106713188,0.22812168957346252,0.29262669671459707
222,2016-08-07,00:30,Toronto FC,New England Revolution,159,1.4817387001560927,1.2953796174783603,0.4159790568075683,0.2527496445194215,0.3312706760522065
223,2016-08-07,02:00,Colorado Rapids,Vancouver Whitecaps,159,1.3025349629054275,1.23070059107763,0.383141608192151,0.26775172551678894,0.3491064466576075
224,2016-08-07,03:00,Real Salt Lake,Chicago Fire,159,1.9255845749202607,0.9963338013605685,0.5905665306559168,0.2185667359653105,0.19086086810111916
225,2016-08-07,21:00,Portland Timbers,Sporting Kansas City,159,1.1668375052896323,1.041831183732203,0.3864475056569903,0.28988371322541445,0.3236687188107884
226,2016-08-08,00:00,Orlando City,Seattle Sounders,160,1.4334405319319135,1.6231988587728081,0.3390367150140196,0.23927632120855027,0.42168543225401484
227,2016-08-08,02:30,Los Angeles Galaxy,New York Red Bulls,160,2.14117799307635,1.3932573119812846,0.5461673252032543,0.20717146855108604,0.24664544809655864
228,2016-08-13,04:00,Vancouver Whitecaps,San Jose Earthquakes,165,1.5829516977465414,0.9008391502180816,0.5336648104632344,0.2521556544429114,0.21417860643910003
229,2016-08-14,00:00,New York Red Bulls,CF Montreal,166,2.276577605507195,1.2259426505212567,0.6099491032365859,0.19459191070508491,0.1954319998558659
230,2016-08-14,00:30,Columbus Crew,New York City,166,1.6052838498352173,1.3471428191910233,0.4355233582297908,0.2430031166048802,0.3214722731515684
231,2016-08-14,00:30,New England Revolution,Philadelphia Union,166,1.6076228602045668,1.0620643865224386,0.5004231797223206,0.2487123168459383,0.25086341253047884
232,2016-08-14,01:00,DC United,Portland Timbers,166,1.600644625664727,1.1255705503134654,0.4837678122090449,0.2484611096622862,0.26777001634282255
233,2016-08-14,02:00,FC Dallas,Sporting Kansas City,166,1.2374367342700883,1.0726546036474285,0.3997153416359915,0.28172212326895185,0.3185624304141995
234,2016-08-14,03:30,Los Angeles Galaxy,Colorado Rapids,166,2.306262395314257,1.1264908787648071,0.6377410008710439,0.1892781070566853,0.17295064727909884
235,2016-08-14,21:00,Chicago Fire,Orlando City,166,2.0416531677998804,1.2229927048714355,0.5628093289160817,0.21255462921164606,0.22462592891609984
236,2016-08-15,00:00,Seattle Sounders,Real Salt Lake,167,1.59173841256402,1.1333679204354794,0.47974492164426324,0.24908354780206365,0.27117051982793833
237,2016-08-15,02:15,Houston Dynamo,Toronto FC,167,2.0081945844435274,1.0350356756862205,0.5991119434346331,0.2118621385394198,0.1890172774608595
238,2016-08-20,04:00,San Jose Earthquakes,Houston Dynamo,172,1.623734271881154,1.1514213718825623,0.4834983555754741,0.2461091836424014,0.27039124001897735
239,2016-08-20,20:30,New York City,Los Angeles Galaxy,172,1.8432329852184308,1.5107855242427248,0.45671762206149236,0.225045828789329,0.3182320576064823
240,2016-08-21,00:00,Philadelphia Union,Toronto FC,173,1.6923707919348563,1.0296955423332477,0.528924974949591,0.24099791802415393,0.23007534580944602
241,2016-08-21,00:30,CF Montreal,Chicago Fire,173,2.0357113084039122,1.2107979136430222,0.5643004678614822,0.2128564736569259,0.22283321702209857
242,2016-08-21,00:30,New England Revolution,Columbus Crew,173,1.6251649183954755,1.217783344390863,0.4687433497751889,0.24481093468999945,0.28644445412484426
243,2016-08-21,02:00,Colorado Rapids,Orlando City,173,2.2001672953485607,1.1248967336465245,0.6175776608057113,0.19781790294301763,0.1845846007647427
244,2016-08-21,03:00,Real Salt Lake,FC Dallas,173,1.6900051898765964,1.1837814434885436,0.49218492019498344,0.24027322220514533,0.26754007849124284
245,2016-08-21,03:00,Sporting Kansas City,Vancouver Whitecaps,173,1.2533032811124103,0.8156501017834249,0.46576157080510094,0.2924460746565301,0.24179225763775353
246,2016-08-21,20:00,DC United,New York Red Bulls,173,1.6317113604072844,1.3269864765902484,0.446261366011023,0.24184293728354772,0.3118942931897896
247,2016-08-22,02:30,Seattle Sounders,Portland Timbers,174,1.634492037561584,1.1266225065703879,0.4918837940990687,0.2455614671832976,0.2625534494461413
248,2016-08-25,00:30,Columbus Crew,Philadelphia Union,177,1.7038303938347268,1.0477796021163002,0.527338311356727,0.23991912344363284,0.23274068615870377
249,2016-08-25,00:30,CF Montreal,DC United,177,1.6930701281318816,1.3428181476208227,0.4575415502498317,0.23742042430076418,0.30503608256320064
250,2016-08-25,00:30,Orlando City,Toronto FC,177,1.7934478147314665,1.3674348744409521,0.4756938790929401,0.23038624301560678,0.29391663403285495
251,2016-08-25,01:30,Chicago Fire,Los Angeles Galaxy,177,1.4986645875087625,1.769382530039514,0.32818622247642,0.22936747416107342,0.4424430969455253
252,2016-08-25,02:00,Houston Dynamo,Seattle Sounders,177,1.6333347161258214,1.2286279653719359,0.46830505327526345,0.24397598737014306,0.2877176331675909
253,2016-08-25,03:30,San Jose Earthquakes,New England Revolution,177,1.6531081813781416,1.053184433238689,0.5137582319839609,0.244598441572684,0.24164191063478382
254,2016-08-27,01:00,Real Salt Lake,Colorado Rapids,179,1.7941760929998771,1.068842747987113,0.5436153037527224,0.23171657838494825,0.22466506774310863
255,2016-08-28,00:00,DC United,Chicago Fire,180,1.9120144868213806,1.0001241054592254,0.5866800818306078,0.21992457182198422,0.1933898520913751
256,2016-08-28,00:00,Philadelphia Union,Sporting Kansas City,180,1.0086057090015748,1.1097677944998783,0.32540155016955535,0.29748276112915095,0.3771156491549062
257,2016-08-28,00:30,Columbus Crew,San Jose Earthquakes,180,1.584845257038211,1.1427063800710398,0.47587022357043407,0.2494898324619332,0.27463896988176245
258,2016-08-28,00:30,Toronto FC,CF Montreal,180,1.6433206413161259,1.4693740637997352,0.41907273223861863,0.23701610606327464,0.3439093874735031
259,2016-08-28,02:00,Houston Dynamo,FC Dallas,180,1.714239058935412,1.2956840258986142,0.47285034642177654,0.23686826413890383,0.2902792834059152
260,2016-08-28,03:30,Los Angeles Galaxy,Vancouver Whitecaps,180,1.8062533404699317,1.165371724215582,0.5238075548963437,0.23094445350790163,0.24524471792576374
261,2016-08-28,19:30,New York Red Bulls,New England Revolution,180,2.099692560330725,1.0807738892409589,0.6074703328398777,0.20499759711337545,0.18751908243140322
262,2016-08-28,22:00,Portland Timbers,Seattle Sounders,180,1.6110395082314897,1.147464199532276,0.48127898030009003,0.24722567582618013,0.27149420954594033
263,2016-08-29,00:00,Orlando City,New York City,181,1.4942160547022667,1.7777184559324286,0.32571465888567896,0.22901017212517805,0.44527185796830604
264,2016-09-02,00:00,New York City,DC United,185,1.770371013842922,1.1416802557430392,0.520953569495235,0.23394637760208173,0.24509734158738583
265,2016-09-04,00:00,Vancouver Whitecaps,New York Red Bulls,187,1.6476809527772605,1.1419829890723796,0.4915493122941164,0.24424937545549522,0.2641999183789858
266,2016-09-04,00:30,New England Revolution,Colorado Rapids,187,1.6657094224581614,1.1872010991066357,0.4855434758319575,0.24216958508068165,0.2722853796371506
267,2016-09-04,01:30,Chicago Fire,Philadelphia Union,187,1.5583984572657175,1.157053337106566,0.46595362227128084,0.25137156171610714,0.2826739761343921
268,2016-09-04,02:00,FC Dallas,Portland Timbers,187,1.7382426758800016,1.1801373744433095,0.5045166827629829,0.236428497522811,0.2590525168938884
269,2016-09-04,03:30,Los Angeles Galaxy,Columbus Crew,187,2.3016053082616663,1.1555092315870492,0.630383737326433,0.19060940113016617,0.17897714727161967
270,2016-09-08,00:30,CF Montreal,Orlando City,191,2.46112912701639,1.2282242221369974,0.6440650066505079,0.18087592628536903,0.17500527366915083
271,2016-09-08,02:30,Real Salt Lake,Los Angeles Galaxy,191,1.7121639141243934,1.4622065561314852,0.4367454319595671,0.23343600844868242,0.3298161774389699
272,2016-09-10,01:00,Sporting Kansas City,Houston Dynamo,193,1.608626662904964,0.840210351093017,0.5555037652430234,0.24907251020640625,0.19542264394564124
273,2016-09-10,23:00,Columbus Crew,Vancouver Whitecaps,193,1.365772556809606,1.2116583517424653,0.4040480313063091,0.264317863469104,0.3316338145038028
274,2016-09-11,00:00,Philadelphia Union,CF Montreal,194,1.6767353222968355,1.286830335159656,0.46586536592474687,0.23967049365696333,0.2944624157969463
275,2016-09-11,01:00,New England Revolution,New York City,194,1.5533034986512433,1.365508938074759,0.4189270212456112,0.24564287262057552,0.3354291124088098
276,2016-09-11,01:30,Chicago Fire,Toronto FC,194,1.7875342689040965,1.1443022471975526,0.5243470979008396,0.23250284801260332,0.2431470883885014
277,2016-09-11,02:00,FC Dallas,Colorado Rapids,194,1.9012125298209952,1.1249227205045012,0.554736721130001,0.22280269178072162,0.2224553509362706
278,2016-09-11,03:30,Portland Timbers,Real Salt Lake,194,1.6180093746339705,1.1530881498313905,0.48170436148677903,0.24655550369182644,0.2717389525049282
279,2016-09-11,03:30,San Jose Earthquakes,Seattle Sounders,194,1.511879430459281,1.1347295409304705,0.4592728728103262,0.255757892740836,0.28496860343092745
280,2016-09-11,18:00,New York Red Bulls,DC United,194,1.9148018551093249,1.146252659860775,0.5528046022383392,0.22187017928271957,0.22531962024159152
281,2016-09-12,00:00,Los Angeles Galaxy,Orlando City,195,3.0529919727057795,1.0651842174758785,0.7692851112282544,0.13138233201692623,0.09899452655206899
282,2016-09-17,01:00,Chicago Fire,DC United,200,1.4487563114327335,1.337098527215059,0.3988163984847001,0.25309578168538555,0.348087244870381
283,2016-09-17,21:00,Seattle Sounders,Vancouver Whitecaps,200,1.4046768790619952,1.1109777052923548,0.4367743180326895,0.26553714273709234,0.2976882181499442
284,2016-09-17,23:00,Portland Timbers,Philadelphia Union,200,1.7686676276274953,0.977432321529154,0.5597083572420027,0.2333529714253696,0.20693601405329948
285,2016-09-18,00:00,New York City,FC Dallas,201,1.875491393585486,1.2231102789070165,0.5263985998211969,0.2254505859456574,0.2481461542946368
286,2016-09-18,00:30,CF Montreal,New England Revolution,201,1.9027108960544785,1.2661107300058707,0.5228191647943311,0.22341878438695523,0.25375670350492213
287,2016-09-18,00:30,Orlando City,Columbus Crew,201,1.6053234752578793,1.5853985765212406,0.3869404620631225,0.23464086510324084,0.3784166759641169
288,2016-09-18,02:00,Colorado Rapids,San Jose Earthquakes,201,1.5661576869060834,1.1606649806516742,0.4670757283494646,0.2506584359689302,0.2822649556079807
289,2016-09-18,02:30,Real Salt Lake,Houston Dynamo,201,1.7896408755664215,1.1390289034951884,0.5260622264284844,0.2323257955180939,0.24160898158088298
290,2016-09-18,19:00,Sporting Kansas City,Los Angeles Galaxy,201,1.5569942976059514,1.0786039582734226,0.48380624752444323,0.25307444611806856,0.26311849517234914
291,2016-09-18,22:00,Toronto FC,New York Red Bulls,201,1.4219352700706571,1.6436511041584234,0.33257084249366,0.23846404528745116,0.4289634586052861
292,2016-09-24,01:00,New York City,Chicago Fire,207,2.1647278948149133,1.0294350535478778,0.6324739606938292,0.1977969723402987,0.169711952097418
293,2016-09-24,22:00,Toronto FC,Philadelphia Union,207,1.4983561884762586,1.1888649970800038,0.44353634305676026,0.2552921167461757,0.30117093750346635
294,2016-09-25,00:00,DC United,Orlando City,208,2.3265705612539582,1.014518308651693,0.6667116612838453,0.18328453061049205,0.14997112941366497
295,2016-09-25,00:00,New York Red Bulls,CF Montreal,208,2.339220617498247,1.2259426505212567,0.6219833603906417,0.18986716592058425,0.18811511481253743
296,2016-09-25,00:00,Vancouver Whitecaps,Colorado Rapids,208,1.792005450822785,0.9233279522970747,0.5784341514626907,0.2302360644579347,0.19132678331665032
297,2016-09-25,02:00,Houston Dynamo,Portland Timbers,208,1.6953836353403549,1.2273015073541467,0.4835962109997288,0.23929557762077514,0.27710635622482727
298,2016-09-25,02:30,Real Salt Lake,FC Dallas,208,1.7286695205486415,1.1837814434885436,0.5014145781608075,0.23717157514303613,0.2614116564254619
299,2016-09-25,03:30,San Jose Earthquakes,Sporting Kansas City,208,1.1200703060473383,1.030268849629795,0.3753469398202423,0.2949308752622569,0.32972213999265293
300,2016-09-25,21:00,Los Angeles Galaxy,Seattle Sounders,208,2.139195005458159,1.183059764144057,0.5921508574021364,0.20420950947609914,0.20362422038368203
301,2016-09-26,00:00,Columbus Crew,New England Revolution,209,1.7743432184556904,1.1416538829258718,0.521888261108614,0.23361242266843413,0.2444965480230703
302,2016-09-29,00:30,DC United,Columbus Crew,212,1.7676229166669932,1.1005469777228063,0.5299311840916734,0.23418980717059504,0.23587634780628453
303,2016-09-29,00:30,CF Montreal,San Jose Earthquakes,212,1.7440117017997576,1.2672779646193795,0.48617181167954293,0.23514061190280652,0.27868514829178986
304,2016-09-29,00:30,Toronto FC,Orlando City,212,1.9962563218950358,1.2566172810510052,0.545514476380605,0.21637132072693915,0.23810593841348102
305,2016-09-29,03:30,Seattle Sounders,Chicago Fire,212,1.9829669709575153,1.001058819689394,0.6018230008799562,0.21331719584757577,0.1848521136415712
306,2016-10-01,01:00,Houston Dynamo,New York City,214,1.7202828245705768,1.3455865852244944,0.4633777824069259,0.2355676576624258,0.301052327723328
307,2016-10-02,00:00,New York Red Bulls,Philadelphia Union,215,2.105475832183031,0.9919055613811689,0.6294158765795842,0.20179840240145228,0.16877241737789375
308,2016-10-02,00:30,Columbus Crew,Chicago Fire,215,1.9405474540365557,1.0917782361284398,0.5711732392351685,0.21899307827187312,0.20982736784703337
309,2016-10-02,00:30,New England Revolution,Sporting Kansas City,215,1.1241127586849244,1.132039295855723,0.35454536816680493,0.28696122409029723,0.3584933403766668
310,2016-10-02,00:30,Toronto FC,DC United,215,1.3884443506897868,1.3738602929303003,0.3759349122476323,0.25478384578425983,0.36928074563527935
311,2016-10-02,02:00,Colorado Rapids,Portland Timbers,215,1.5981290440496436,1.24803133145923,0.4553505027532776,0.24615869430817325,0.29848969767610267
312,2016-10-02,02:00,FC Dallas,Los Angeles Galaxy,215,1.8248917042658077,1.5389255156201704,0.44679773978512133,0.22549003193495543,0.32770796977004196
313,2016-10-02,03:30,San Jose Earthquakes,Real Salt Lake,215,1.5253053314540699,1.140291076134559,0.4614221694842582,0.25449691958889153,0.28408022526209364
314,2016-10-02,18:00,Orlando City,CF Montreal,215,1.7965088559235283,1.708909678096249,0.40674313232500714,0.22240592237561824,0.3708459615308256
315,2016-10-03,01:00,Vancouver Whitecaps,Seattle Sounders,216,1.6260643638368928,0.9696946243097434,0.5273240061289156,0.24753823030180144,0.22513656050470568
316,2016-10-09,01:30,Houston Dynamo,Colorado Rapids,222,1.8627434020305973,1.1698802024496198,0.535682595844543,0.22632675328160898,0.23798629980637684
317,2016-10-13,03:30,Seattle Sounders,Houston Dynamo,226,1.8099210188436048,1.1444306397794812,0.5295008975860391,0.23062624962064956,0.23986952492138056
318,2016-10-14,01:30,Chicago Fire,Columbus Crew,227,1.6093642281255949,1.3266994924045252,0.44090238738875814,0.24332347595208514,0.3157728857166772
319,2016-10-14,02:00,Colorado Rapids,San Jose Earthquakes,227,1.5926973876139505,1.1606649806516742,0.47369931366556955,0.2484968449878332,0.2778028155579018
320,2016-10-16,20:00,Chicago Fire,New England Revolution,229,1.633415296782468,1.2607178383621818,0.4611737717834123,0.2433024324307857,0.2955224462405965
321,2016-10-16,20:00,DC United,New York City,229,1.6851003523867265,1.2340509843344596,0.4796136064199028,0.23997640918223045,0.2804082244156138
322,2016-10-16,20:00,CF Montreal,Toronto FC,229,2.1687707571726103,1.1491971553514526,0.6058059718275405,0.20103824403291237,0.1931383511537825
323,2016-10-16,20:00,New York Red Bulls,Columbus Crew,229,2.138101477725764,1.1373378932456428,0.6023055280002225,0.20323537943734318,0.19444376841723776
324,2016-10-16,20:00,Philadelphia Union,Orlando City,229,2.040800533732347,1.1005048181949348,0.5906608052777431,0.21051327239878903,0.19881589649133882
325,2016-10-16,22:00,FC Dallas,Seattle Sounders,229,1.7555271030713484,1.1814128578294563,0.50829827380873,0.23502615457626955,0.25667304845263395
326,2016-10-16,22:00,Houston Dynamo,Los Angeles Galaxy,229,1.7718619760270475,1.6004285991851888,0.4223995284398805,0.22664377924672535,0.35095297017198857
327,2016-10-16,22:00,Portland Timbers,Colorado Rapids,229,1.842072704553248,1.0925973426350701,0.5489936969819564,0.22761828066030357,0.22338412038902752
328,2016-10-16,22:00,Real Salt Lake,Sporting Kansas City,229,1.2281481146937365,1.0191803163948607,0.40922785657053073,0.28558793999307514,0.3051841129795448
329,2016-10-16,22:00,San Jose Earthquakes,Vancouver Whitecaps,229,1.3296230374837188,1.1177640908016517,0.41508067900091733,0.27154864517403604,0.31337047414131924
330,2016-10-23,21:00,Colorado Rapids,Houston Dynamo,236,1.7345525344615835,1.2677585320700224,0.4838373774322885,0.23582610284726913,0.28033420719622704
331,2016-10-23,21:00,Los Angeles Galaxy,FC Dallas,236,2.281726922019197,1.2476288032568092,0.6061751597109184,0.19475887765080976,0.19903841247886267
332,2016-10-23,21:00,New England Revolution,CF Montreal,236,1.8772311652442584,1.3126552362752681,0.5067556389127613,0.22517706081857608,0.2680625250349289
333,2016-10-23,21:00,New York City,Columbus Crew,236,1.9973754461497015,1.1328010501494925,0.5739440495879575,0.2147982052647688,0.21124950153239735
334,2016-10-23,21:00,Orlando City,DC United,236,1.5042012847509956,1.5978253657679409,0.3606490767034225,0.23814907728667262,0.40120026749988646
335,2016-10-23,21:00,Philadelphia Union,New York Red Bulls,236,1.4706739218576863,1.4394565368740542,0.3833443504703825,0.24722781278043904,0.3694270102469461
336,2016-10-23,21:00,Seattle Sounders,Real Salt Lake,236,1.66432787066015,1.1333679204354794,0.4976026849527459,0.24294725995634986,0.25944852812132796
337,2016-10-23,21:00,Sporting Kansas City,San Jose Earthquakes,236,1.527554223552338,0.7692338140311166,0.5533943432143504,0.2583702319871917,0.18823476667374678
338,2016-10-23,21:00,Toronto FC,Chicago Fire,236,1.6966287307969696,1.2387881257520204,0.4813109797823385,0.23903713493057155,0.2796500102444324
339,2016-10-23,21:00,Vancouver Whitecaps,Portland Timbers,236,1.6758803278347953,0.9686477173163532,0.5397869656255004,0.24251598654708567,0.21769544767128235
